{"initial_reset_timestamp": 1494714960.653001, "timestamps": [1494714964.136367, 1494714967.519663, 1494714967.9515982, 1494714968.335795, 1494714968.722005, 1494714969.1151638, 1494714969.5031989, 1494714969.889756, 1494714973.356341, 1494714973.798618, 1494714974.200613, 1494714974.596211, 1494714974.9874392, 1494714975.389431, 1494714975.782793, 1494714976.182981, 1494714976.5838919, 1494714976.982132, 1494714977.380886, 1494714977.781642, 1494714978.1826549, 1494714978.5878952, 1494714978.99415, 1494714979.398599, 1494714979.802012, 1494714980.2055218, 1494714980.61236, 1494714982.606495, 1494714983.035583, 1494714983.424256, 1494714983.8148348, 1494714984.219294, 1494714984.616586, 1494714985.0092192, 1494714985.405628, 1494714985.808416, 1494714986.20618, 1494714986.616141, 1494714987.0401092, 1494714987.452906, 1494714987.791689, 1494714988.187619, 1494714988.541562, 1494714988.96676, 1494714989.3935318, 1494714989.7391071, 1494714990.076191, 1494714990.428072, 1494714990.769927, 1494714991.160696, 1494714991.570237, 1494714991.956073, 1494714992.307277, 1494714992.712322, 1494714993.03903, 1494714993.355865, 1494714993.623565, 1494714994.0316072, 1494714994.42149, 1494714994.751049, 1494714995.069246, 1494714995.415623, 1494714995.7388859, 1494714996.0630772, 1494714997.549762, 1494714997.955337, 1494714998.3513181, 1494714998.757338, 1494714999.051231, 1494714999.293653, 1494714999.6945229, 1494715000.044332, 1494715000.445678, 1494715000.685923, 1494715000.924902, 1494715001.328039, 1494715001.5817442, 1494715001.882257, 1494715002.248481, 1494715002.57628, 1494715002.89466, 1494715003.237132, 1494715003.5498629, 1494715003.941121, 1494715004.270525, 1494715004.601527, 1494715004.852621, 1494715005.2562969, 1494715005.493574, 1494715005.814535, 1494715006.148015, 1494715006.383903, 1494715006.697845, 1494715007.0422661, 1494715007.364498, 1494715007.6971278, 1494715008.0199199, 1494715008.257808, 1494715008.617245, 1494715008.950782, 1494715009.295964, 1494715009.5229719, 1494715009.820864, 1494715010.174935, 1494715010.394368, 1494715010.6134982, 1494715010.842143, 1494715011.038532, 1494715011.359374, 1494715011.707967, 1494715011.9347851, 1494715012.2474089, 1494715012.472903, 1494715012.702825, 1494715012.929732, 1494715013.291144, 1494715013.616517, 1494715013.99475, 1494715014.284034, 1494715014.5129411, 1494715014.7417998, 1494715014.9676192, 1494715015.296949, 1494715015.5166929, 1494715015.741596, 1494715016.9129899, 1494715017.251034, 1494715017.541933, 1494715017.928022, 1494715018.1461399, 1494715018.4666612, 1494715018.69053, 1494715018.913866, 1494715019.1347468, 1494715019.357793, 1494715019.661076, 1494715019.906083, 1494715020.189385, 1494715020.422786, 1494715020.643829, 1494715020.8663292, 1494715021.086613, 1494715021.387516, 1494715021.608556, 1494715021.8325398, 1494715022.1291058, 1494715022.431236, 1494715022.651606, 1494715022.882004, 1494715023.110987, 1494715023.416773, 1494715023.643987, 1494715023.9377549, 1494715024.173409, 1494715024.39983, 1494715024.706265, 1494715024.936922, 1494715025.179348, 1494715025.495101, 1494715025.731337, 1494715025.962987, 1494715026.261413, 1494715026.589868, 1494715026.819544, 1494715027.039307, 1494715027.322124, 1494715027.6234932, 1494715027.93298, 1494715028.2686741, 1494715028.615492, 1494715028.9004989, 1494715029.2693288, 1494715029.565135, 1494715029.791839, 1494715030.109044, 1494715030.334163, 1494715030.6986399, 1494715030.914679, 1494715031.138876, 1494715031.368109, 1494715031.591153, 1494715031.993361, 1494715032.229721, 1494715032.6064792, 1494715032.820238, 1494715033.0573719, 1494715033.275768, 1494715033.506908, 1494715033.730242, 1494715033.9530182, 1494715034.30371, 1494715034.52458, 1494715034.7555358, 1494715035.04479, 1494715035.326256, 1494715035.555976, 1494715035.934877, 1494715036.154439, 1494715036.430938, 1494715036.716336], "episode_lengths": [200, 200, 200, 200, 200, 200, 200, 200, 200, 200, 200, 200, 200, 200, 200, 200, 200, 200, 200, 200, 200, 200, 200, 200, 200, 200, 200, 200, 200, 200, 200, 200, 200, 200, 200, 200, 200, 200, 200, 200, 173, 200, 177, 200, 200, 171, 165, 172, 169, 190, 200, 191, 174, 200, 161, 156, 131, 200, 191, 161, 156, 170, 157, 158, 158, 185, 200, 200, 147, 122, 198, 174, 200, 117, 118, 200, 125, 147, 183, 161, 157, 168, 154, 191, 160, 163, 122, 195, 114, 155, 161, 114, 152, 167, 156, 162, 156, 114, 173, 160, 169, 111, 146, 172, 106, 107, 111, 94, 153, 167, 110, 151, 108, 111, 110, 173, 158, 184, 139, 111, 110, 108, 160, 107, 110, 109, 153, 149, 197, 110, 158, 111, 109, 109, 110, 147, 121, 137, 114, 107, 108, 107, 145, 108, 108, 144, 147, 107, 112, 110, 147, 109, 142, 113, 108, 147, 111, 115, 153, 114, 110, 143, 160, 112, 107, 138, 147, 151, 164, 169, 137, 179, 143, 109, 154, 109, 178, 105, 108, 111, 109, 194, 115, 185, 104, 116, 106, 112, 108, 109, 169, 108, 111, 140, 137, 111, 185, 105, 135, 139], "episode_rewards": [-200.0, -200.0, -200.0, -200.0, -200.0, -200.0, -200.0, -200.0, -200.0, -200.0, -200.0, -200.0, -200.0, -200.0, -200.0, -200.0, -200.0, -200.0, -200.0, -200.0, -200.0, -200.0, -200.0, -200.0, -200.0, -200.0, -200.0, -200.0, -200.0, -200.0, -200.0, -200.0, -200.0, -200.0, -200.0, -200.0, -200.0, -200.0, -200.0, -200.0, -173.0, -200.0, -177.0, -200.0, -200.0, -171.0, -165.0, -172.0, -169.0, -190.0, -200.0, -191.0, -174.0, -200.0, -161.0, -156.0, -131.0, -200.0, -191.0, -161.0, -156.0, -170.0, -157.0, -158.0, -158.0, -185.0, -200.0, -200.0, -147.0, -122.0, -198.0, -174.0, -200.0, -117.0, -118.0, -200.0, -125.0, -147.0, -183.0, -161.0, -157.0, -168.0, -154.0, -191.0, -160.0, -163.0, -122.0, -195.0, -114.0, -155.0, -161.0, -114.0, -152.0, -167.0, -156.0, -162.0, -156.0, -114.0, -173.0, -160.0, -169.0, -111.0, -146.0, -172.0, -106.0, -107.0, -111.0, -94.0, -153.0, -167.0, -110.0, -151.0, -108.0, -111.0, -110.0, -173.0, -158.0, -184.0, -139.0, -111.0, -110.0, -108.0, -160.0, -107.0, -110.0, -109.0, -153.0, -149.0, -197.0, -110.0, -158.0, -111.0, -109.0, -109.0, -110.0, -147.0, -121.0, -137.0, -114.0, -107.0, -108.0, -107.0, -145.0, -108.0, -108.0, -144.0, -147.0, -107.0, -112.0, -110.0, -147.0, -109.0, -142.0, -113.0, -108.0, -147.0, -111.0, -115.0, -153.0, -114.0, -110.0, -143.0, -160.0, -112.0, -107.0, -138.0, -147.0, -151.0, -164.0, -169.0, -137.0, -179.0, -143.0, -109.0, -154.0, -109.0, -178.0, -105.0, -108.0, -111.0, -109.0, -194.0, -115.0, -185.0, -104.0, -116.0, -106.0, -112.0, -108.0, -109.0, -169.0, -108.0, -111.0, -140.0, -137.0, -111.0, -185.0, -105.0, -135.0, -139.0], "episode_types": ["t", "t", "t", "t", "t", "t", "t", "t", "t", "t", "t", "t", "t", "t", "t", "t", "t", "t", "t", "t", "t", "t", "t", "t", "t", "t", "t", "t", "t", "t", "t", "t", "t", "t", "t", "t", "t", "t", "t", "t", "t", "t", "t", "t", "t", "t", "t", "t", "t", "t", "t", "t", "t", "t", "t", "t", "t", "t", "t", "t", "t", "t", "t", "t", "t", "t", "t", "t", "t", "t", "t", "t", "t", "t", "t", "t", "t", "t", "t", "t", "t", "t", "t", "t", "t", "t", "t", "t", "t", "t", "t", "t", "t", "t", "t", "t", "t", "t", "t", "t", "t", "t", "t", "t", "t", "t", "t", "t", "t", "t", "t", "t", "t", "t", "t", "t", "t", "t", "t", "t", "t", "t", "t", "t", "t", "t", "t", "t", "t", "t", "t", "t", "t", "t", "t", "t", "t", "t", "t", "t", "t", "t", "t", "t", "t", "t", "t", "t", "t", "t", "t", "t", "t", "t", "t", "t", "t", "t", "t", "t", "t", "t", "t", "t", "t", "t", "t", "t", "t", "t", "t", "t", "t", "t", "t", "t", "t", "t", "t", "t", "t", "t", "t", "t", "t", "t", "t", "t", "t", "t", "t", "t", "t", "t", "t", "t", "t", "t", "t", "t", "t", "t", "t"]}