{"initial_reset_timestamp": 1494714555.857728, "timestamps": [1494714560.807256, 1494714564.187998, 1494714564.6167371, 1494714564.998982, 1494714565.381821, 1494714565.772703, 1494714566.15801, 1494714566.542086, 1494714569.887237, 1494714570.325254, 1494714570.714071, 1494714571.099859, 1494714571.487444, 1494714571.883465, 1494714572.2723992, 1494714572.666783, 1494714573.055815, 1494714573.4452028, 1494714573.835505, 1494714574.227353, 1494714574.619234, 1494714575.013263, 1494714575.4041579, 1494714575.796845, 1494714576.192938, 1494714576.586859, 1494714576.97966, 1494714580.3392582, 1494714580.7731378, 1494714581.159644, 1494714581.548543, 1494714581.947823, 1494714582.33482, 1494714582.73194, 1494714583.12001, 1494714583.5079129, 1494714583.897562, 1494714584.290091, 1494714584.680446, 1494714584.994695, 1494714585.32909, 1494714585.736886, 1494714586.1686049, 1494714586.5748851, 1494714586.905302, 1494714587.309545, 1494714587.649058, 1494714587.990619, 1494714588.389745, 1494714588.799258, 1494714589.208879, 1494714589.617482, 1494714590.018052, 1494714590.4251242, 1494714590.753141, 1494714591.0946639, 1494714591.4124548, 1494714591.651843, 1494714592.057641, 1494714592.3771598, 1494714592.7012942, 1494714593.022361, 1494714593.352511, 1494714593.661899, 1494714595.2499342, 1494714595.615329, 1494714595.998881, 1494714596.33807, 1494714596.694155, 1494714597.004385, 1494714597.351361, 1494714597.673335, 1494714597.998645, 1494714598.349084, 1494714598.753282, 1494714599.078772, 1494714599.407847, 1494714599.745034, 1494714599.984402, 1494714600.263673, 1494714600.501982, 1494714600.822699, 1494714601.1513731, 1494714601.559701, 1494714601.884724, 1494714602.210439, 1494714602.578103, 1494714602.889857, 1494714603.1122072, 1494714603.3407922, 1494714603.574207, 1494714603.890702, 1494714604.2136588, 1494714604.5480268, 1494714604.771507, 1494714605.066101, 1494714605.292366, 1494714605.530005, 1494714605.763351, 1494714606.089847, 1494714606.319158, 1494714606.654309, 1494714606.969131, 1494714607.201626, 1494714607.427149, 1494714607.654259, 1494714607.8855948, 1494714608.175924, 1494714608.515861, 1494714608.852659, 1494714609.195025, 1494714609.426084, 1494714609.737379, 1494714609.981101, 1494714610.390413, 1494714610.6268249, 1494714610.996981, 1494714611.223138, 1494714611.5643148, 1494714611.786937, 1494714612.1014311, 1494714612.331754, 1494714612.63728, 1494714612.985525, 1494714613.20653, 1494714614.849202, 1494714615.204281, 1494714615.416933, 1494714615.719341, 1494714615.945049, 1494714616.174658, 1494714616.4861429, 1494714616.710878, 1494714617.028157, 1494714617.3364558, 1494714617.5639942, 1494714617.800004, 1494714618.0187159, 1494714618.2391338, 1494714618.467979, 1494714618.802005, 1494714619.021755, 1494714619.345685, 1494714619.6500301, 1494714619.8716722, 1494714620.103554, 1494714620.3288279, 1494714620.632216, 1494714620.879026, 1494714621.1756349, 1494714621.4066129, 1494714621.7264352, 1494714621.949955, 1494714622.3365152, 1494714622.5678642, 1494714622.790132, 1494714623.013531, 1494714623.371978, 1494714623.6802728, 1494714623.909148, 1494714624.2239869, 1494714624.451634, 1494714624.689534, 1494714624.9183428, 1494714625.207353, 1494714625.505729, 1494714625.830049, 1494714626.060809, 1494714626.4592571, 1494714626.745003, 1494714626.975778, 1494714627.343626, 1494714627.619225, 1494714627.841897, 1494714628.214061, 1494714628.4869661, 1494714628.708535, 1494714628.933017, 1494714629.208826, 1494714629.427949], "episode_lengths": [200, 200, 200, 200, 200, 200, 200, 200, 200, 200, 200, 200, 200, 200, 200, 200, 200, 200, 200, 200, 200, 200, 200, 200, 200, 200, 200, 200, 200, 200, 200, 200, 200, 200, 200, 200, 200, 200, 200, 161, 171, 197, 200, 200, 164, 200, 167, 169, 196, 200, 200, 200, 197, 200, 162, 168, 157, 118, 200, 158, 160, 159, 163, 153, 158, 163, 191, 170, 182, 157, 167, 160, 161, 174, 200, 159, 163, 168, 117, 137, 117, 156, 161, 200, 157, 159, 180, 152, 108, 110, 114, 154, 157, 163, 109, 143, 111, 115, 112, 157, 112, 165, 155, 116, 111, 111, 113, 144, 160, 159, 166, 110, 150, 116, 194, 114, 180, 110, 167, 109, 151, 112, 148, 169, 108, 159, 155, 107, 153, 110, 113, 154, 112, 155, 148, 111, 115, 108, 107, 110, 162, 106, 157, 147, 108, 113, 110, 148, 119, 145, 112, 155, 108, 188, 110, 107, 108, 174, 149, 111, 153, 110, 114, 110, 140, 144, 157, 112, 192, 139, 111, 179, 134, 109, 182, 133, 109, 107, 136, 106], "episode_rewards": [-200.0, -200.0, -200.0, -200.0, -200.0, -200.0, -200.0, -200.0, -200.0, -200.0, -200.0, -200.0, -200.0, -200.0, -200.0, -200.0, -200.0, -200.0, -200.0, -200.0, -200.0, -200.0, -200.0, -200.0, -200.0, -200.0, -200.0, -200.0, -200.0, -200.0, -200.0, -200.0, -200.0, -200.0, -200.0, -200.0, -200.0, -200.0, -200.0, -161.0, -171.0, -197.0, -200.0, -200.0, -164.0, -200.0, -167.0, -169.0, -196.0, -200.0, -200.0, -200.0, -197.0, -200.0, -162.0, -168.0, -157.0, -118.0, -200.0, -158.0, -160.0, -159.0, -163.0, -153.0, -158.0, -163.0, -191.0, -170.0, -182.0, -157.0, -167.0, -160.0, -161.0, -174.0, -200.0, -159.0, -163.0, -168.0, -117.0, -137.0, -117.0, -156.0, -161.0, -200.0, -157.0, -159.0, -180.0, -152.0, -108.0, -110.0, -114.0, -154.0, -157.0, -163.0, -109.0, -143.0, -111.0, -115.0, -112.0, -157.0, -112.0, -165.0, -155.0, -116.0, -111.0, -111.0, -113.0, -144.0, -160.0, -159.0, -166.0, -110.0, -150.0, -116.0, -194.0, -114.0, -180.0, -110.0, -167.0, -109.0, -151.0, -112.0, -148.0, -169.0, -108.0, -159.0, -155.0, -107.0, -153.0, -110.0, -113.0, -154.0, -112.0, -155.0, -148.0, -111.0, -115.0, -108.0, -107.0, -110.0, -162.0, -106.0, -157.0, -147.0, -108.0, -113.0, -110.0, -148.0, -119.0, -145.0, -112.0, -155.0, -108.0, -188.0, -110.0, -107.0, -108.0, -174.0, -149.0, -111.0, -153.0, -110.0, -114.0, -110.0, -140.0, -144.0, -157.0, -112.0, -192.0, -139.0, -111.0, -179.0, -134.0, -109.0, -182.0, -133.0, -109.0, -107.0, -136.0, -106.0], "episode_types": ["t", "t", "t", "t", "t", "t", "t", "t", "t", "t", "t", "t", "t", "t", "t", "t", "t", "t", "t", "t", "t", "t", "t", "t", "t", "t", "t", "t", "t", "t", "t", "t", "t", "t", "t", "t", "t", "t", "t", "t", "t", "t", "t", "t", "t", "t", "t", "t", "t", "t", "t", "t", "t", "t", "t", "t", "t", "t", "t", "t", "t", "t", "t", "t", "t", "t", "t", "t", "t", "t", "t", "t", "t", "t", "t", "t", "t", "t", "t", "t", "t", "t", "t", "t", "t", "t", "t", "t", "t", "t", "t", "t", "t", "t", "t", "t", "t", "t", "t", "t", "t", "t", "t", "t", "t", "t", "t", "t", "t", "t", "t", "t", "t", "t", "t", "t", "t", "t", "t", "t", "t", "t", "t", "t", "t", "t", "t", "t", "t", "t", "t", "t", "t", "t", "t", "t", "t", "t", "t", "t", "t", "t", "t", "t", "t", "t", "t", "t", "t", "t", "t", "t", "t", "t", "t", "t", "t", "t", "t", "t", "t", "t", "t", "t", "t", "t", "t", "t", "t", "t", "t", "t", "t", "t", "t", "t", "t", "t", "t", "t", "t", "t", "t"]}